﻿Designator,Footprint,Quantity,Value,LCSC Part #
"C1, C10, C11, C12, C13, C14, C15, C16, C17, C18, C2, C22, C24, C25, C3, C4, C5, C6, C7, C8, C9",0805,21,100nF,
"C19, C20, C23",0805,3,1uF,
C21,0805,1,4.7uF,
"D1, D10, D11, D12, D13, D14, D15, D2, D3, D4, D5, D6, D7, D8, D9",LED_WS2812B_PLCC4_5.0x5.0mm_P3.2mm,15,WS2812B,
D16,1206,1,LED,
D17,D_SOD-323_HandSoldering,1,D,
J1,HDR-SMD_3P-P2.54-H-F-L11.5,1,Sensor connector,
J2,USB_C_Receptacle_HRO_TYPE-C-31-M-12,1,USB_C_Receptacle_USB2.0,
J3,JST_PH_S2B-PH-K_1x02_P2.00mm_Horizontal,1,Lipo connector,
Q1,SOT-363_SC-70-6,1,UMH3N,
Q3,SOT-23,1,Q_PMOS_GSD,
"R1, R10, R11, R13, R14, R2, R3, R9",0805,8,10k,
"R12, R4",0805,2,2k,
"R5, R6",0805,2,5k1,
"R7, R8",0805,2,22,
SW1,KH-6X6X6H-STM,1,SW_Push_Dual,
SW2,SW-SMD_MK-12C02-G025,1,SW_PWR,
U1,ESP-12E,1,ESP-12E,
U2,SOIC-16_3.9x9.9mm_P1.27mm,1,CH340C,
U3,SOT-23-5,1,MCP73831-2-OT,
U4,SOT-23,1,MCP1700x-330xxTT,
U6,Bosch_LGA-8_3x3mm_P0.8mm_ClockwisePinNumbering,1,BME680,
